{"users": {"1": {"username": "oskar", "password": "1234"}, "2": {"username": "milko", "password": "1234"}, "3": {"username": "mai", "password": "1234"}, "4": {"username": "jan", "password": "1234"}}, "court_activity": {"1": {"court_name": "Igri\u0161\u010de za ko\u0161arko Zeleni gaj", "user": "oskar", "status": "active"}, "2": {"court_name": "Igri\u0161\u010de za ko\u0161arko Zeleni gaj", "user": "milko", "status": "active"}}, "events": {"3": {"event_name": "5n5", "event_date": "3434-05-31", "court_name": "Goran Dragic basketball court", "fee": "20"}}, "user_events": {}, "event_registrations": {"1": {"event_name": "5n5", "full_name": "Jan", "age": "17", "phone": "040314969"}, "2": {"event_name": "Dobrodelni event Milo\u0161a", "full_name": "Jan", "age": "17", "phone": "040314969"}, "3": {"event_name": "Dobrodelni event Milo\u0161a", "full_name": "milos", "age": "14", "phone": "04304033"}, "4": {"event_name": "5n5", "full_name": "Jan", "age": "17", "phone": "04304033", "fee": "20"}}}