{"users": {"1": {"username": "oskar", "password": "1234"}, "2": {"username": "milko", "password": "1234"}, "3": {"username": "mai", "password": "1234"}, "4": {"username": "jan", "password": "1234"}}, "court_activity": {"1": {"court_name": "Igri\u0161\u010de za ko\u0161arko Zeleni gaj", "user": "oskar", "status": "active"}, "2": {"court_name": "Igri\u0161\u010de za ko\u0161arko Zeleni gaj", "user": "milko", "status": "active"}}, "events": {"7": {"event_name": "SEXI jan", "event_date": "2025-05-15", "court_name": "Goran Dragic basketball court"}}, "user_events": {"12": {"user": "jan", "event_name": "SEXI jan"}, "13": {"user": "jan", "event_name": "SEXI jan"}}}