{"users": {"1": {"username": "oskar", "password": "1234"}, "2": {"username": "milko", "password": "1234"}, "3": {"username": "mai", "password": "1234"}}, "court_activity": {"1": {"court_name": "Igri\u0161\u010de za ko\u0161arko Zeleni gaj", "user": "oskar", "status": "active"}, "2": {"court_name": "Igri\u0161\u010de za ko\u0161arko Zeleni gaj", "user": "milko", "status": "active"}}, "events": {"1": {"event_name": "Dobrodelni event Milo\u0161a", "event_date": "2007-05-30", "court_name": "Goran Dragic basketball court"}, "2": {"event_name": "5n5", "event_date": "2222-05-02", "court_name": "Goran Dragic basketball court"}, "3": {"event_name": "milosov rojstni dan", "event_date": "2222-01-22", "court_name": "Goran Dragic basketball court"}, "4": {"event_name": "3na3", "event_date": "33033-05-30", "court_name": "Goran Dragic basketball court"}, "5": {"event_name": "5n5", "event_date": "43232-05-31", "court_name": "Goran Dragic basketball court"}, "6": {"event_name": "5n5", "event_date": "34324-04-03", "court_name": "Goran Dragic basketball court"}}, "user_events": {"1": {"user": "milko", "event_name": "Dobrodelni event Milo\u0161a"}, "2": {"user": "milko", "event_name": "Dobrodelni event Milo\u0161a"}, "3": {"user": "milko", "event_name": "Dobrodelni event Milo\u0161a"}, "4": {"user": "milko", "event_name": "Dobrodelni event Milo\u0161a"}, "5": {"user": "milko", "event_name": "Dobrodelni event Milo\u0161a"}, "6": {"user": "milko", "event_name": "Dobrodelni event Milo\u0161a"}, "7": {"user": "milko", "event_name": "Dobrodelni event Milo\u0161a"}, "8": {"user": "milko", "event_name": "Dobrodelni event Milo\u0161a"}, "9": {"user": "milko", "event_name": "Dobrodelni event Milo\u0161a"}, "10": {"user": "milko", "event_name": "Dobrodelni event Milo\u0161a"}, "11": {"user": "milko", "event_name": "Dobrodelni event Milo\u0161a"}}}